{
    "RNN_Pretrained=True": {
        "Accuracy": 0.7789440203562341,
        "F1-score": 0.6511257966524123
    },
    "RNN_Pretrained=False": {
        "Accuracy": 0.7754452926208651,
        "F1-score": 0.6481724890721382
    }
}